{
	"file" : "tacle-bench/bench/kernel/cosf/cosf.elf",
	"projection" : "true",
	"task" : "cosf_main",
	"policy" : "LRU",
	"associativity" : 4,
	"set_count" : 32,
	"exec_time" : 91541,
	"exit_value" : 0,
	"bb_count" : [16,18,10,15,17,18,16,15,17,15,18,15,12,11,10,12,12,12,18,19,19,17,17,19,18,21,19,17,17,18,15,16],
	"used_bb_count" : [4,6,1,3,5,6,4,3,5,3,6,3,3,2,1,3,3,3,6,7,7,5,5,7,6,9,8,5,5,6,3,4],
	"total_bb" : [75],
	"state_mins" : [1,1,1,1,1,1,1,1,1,1,1,1,1,1,1,1,1,1,1,1,1,1,1,1,1,1,1,1,1,1,1,1],
	"state_maxs" : [5,5,2,5,5,5,5,5,5,5,5,5,2,2,2,4,4,4,12,16,11,9,16,16,16,16,38,14,14,12,5,5],
	"state_moys" : [4.5625,4.61111,1.9,4.53333,4.23529,4.61111,4.5625,4.73333,4.41176,4.73333,4.61111,4.73333,1.91667,1.81818,1.9,2.83333,2.91667,2.83333,7.72222,13.4737,7.42105,6.76471,12,14.6316,14.3333,11.619,15.4737,7.76471,7.88235,8.83333,3.8,3.6875],
	"state_total" : [5,5,2,5,5,5,5,5,5,5,5,5,2,2,2,4,4,4,12,16,11,11,16,16,17,17,42,14,14,12,5,5],
	"_ahcpt" : 27,
	"_amcpt" : 3,
	"_nccpt" : 0,
	"_fmcpt" : 117,
	"WCET" : 16556
}
