{
	"file" : "tacle-bench/bench/kernel/md5/md5.elf",
	"task" : "md5_main",
	"policy" : "LRU",
	"bsize" : 256,
	"associativity" : 8,
	"set_count" : 32,
	"exec_time" : 14814,
	"bb_count" : [46,46,46,46,46,46,46,46,46,46,46,46,46,46,46,46,46,46,46,46,46,46,46,46,46,46,46,46,46,46,46,46],
	"state_mins" : [1,1,1,1,1,1,1,1,1,1,1,1,1,1,1,1,1,1,1,1,1,1,1,1,1,1,1,1,1,1,1,1],
	"state_maxs" : [13,13,13,5,5,5,4,6,3,7,10,9,10,10,8,6,7,6,7,9,7,4,4,2,2,4,10,10,10,10,3,3],
	"state_moys" : [6.45652,6.45652,6.45652,1.71739,1.71739,1.71739,2.06522,3.69565,1.6087,3.1087,5.54348,4.45652,6.02174,6.06522,5.1087,2.63043,3.17391,2.95652,3.19565,5.91304,4.13043,2.45652,2.54348,1.34783,1.34783,2.06522,5.41304,6.34783,6.54348,6.54348,1.65217,1.36957],
	"state_total" : [20,20,20,11,11,11,7,9,7,9,10,9,10,10,9,7,8,7,8,10,8,4,4,2,3,5,10,10,10,10,4,4]
}